Air freshener,Air fresheners
Allergy,Allergies
Aluminum foil,Aluminum foils
Antacid,Antacids
Antibiotic,Antibiotics
Antidiarrheal,Antidiarrheals
Antiperspirant,Antiperspirant
Apple,Apples
Applesauce,Applesauce
Asparagus,Asparagus
Aspirin,Aspirins
Avocado,Avocados
Baby food,Baby food
Baby wash,Baby washes
Bacon,Bacon
Bagel,Bagels
Baked beans,Baked beans
Baking powder,Baking powder
Ball,Balls
Banana,Bananas
Band-aid,Band-aids
Basil,Basil
Bathroom cleaner,Bathroom cleaners
Bath soap,Bath soaps
Battery,Batteries
BBQ sauce,BBQ sauce
Beef,Beef
Beer,Beers
Berry,Berries
Black pepper,Black peppers
Bleach,Bleach
Bleu cheese,Bleu cheese
Bouillon cube,Bouillon cubes
bread,bread
Bread crumbs,Bread crumbs
Broccoli,Broccoli
Broth,Broths
Brownie mix,Brownie mixes
Bun,Buns
Burrito,Burritos
Butter,Butter
Cake,Cakes
Cake icing,Cake icings
Candy,Candy
Carrots,Carrots
Catfish,Catfish
Cat food,Cat food
Cat litter,Cat litters
Cauliflower,Cauliflowers
C D R,C D Rs
Celery,Celeries
Cereal,Cereals
Champagne,Champagnes
Charcoal,Charcoal
Cheddar,Cheddar
Cherry,Cherries
Chicken,Chickens
Chili,Chilis
Chip dip,Chip dips
Chocolate chips,Chocolate chips
Cigarette,Cigarettes
Cilantro,Cilantro
Cinnamon,Cinnamons
Club soda,Club sodas
Cocoa,Cocoas
Coffee,Coffees
Conditioner,Conditioners
Condom,Condoms
Cookie,Cookies
Corn chip,Corn chips
Corn,Corn
Cosmetic,Cosmetics
Cottage cheese,Cottage cheese
Cottage cheese,Cottage cheeses
Cotton swab,Cotton swabs
Crab,Crabs
Cracker,Crackers
Cream cheese,Cream cheeses
Croissant,Croissants
Cucumber,Cucumbers
Decoration,Decorations
Deodorant,Deodorant
Detergent,Detergents
Diaper,Diapers
Dish,Dishes
Dishwasher soap,Dishwasher soaps
Dog food,Dog food
Donut,Donuts
Dried fruit,Dried fruits
D V D R,D V D Rs
Egg,Eggs
English muffin,English muffins
Envelope,Envelopes
Facial cleanser,Facial cleansers
Facial tissue,Facial tissues
Fake egg,Fake eggs
Feta,Fetas
Filter,Filters
Fish stick,Fish sticks
Flea treatment,Flea treatments
Floss,Floss
Flour,Flours
Flower,Flowers
Formula,Formulas
Freezer bag,Freezer bags
Fruit,Fruits
Fruit juice,Fruit juices
Fry,Fries,French Fries,French Fry
Garbage bag,Garbage bags
Garlic,Garlics,garllic bulb,garlic bulbs
Ginger,Gingers
Gin,Gin
Glass cleaner,Glass cleaners
Glue,Glues
Goat cheese,Goat cheeses
Granola bar,Granola bars
Grapefruit,Grapefruits
Grape,Grapes
Gravy,Gravy
Greens,Greens
Greeting card,Greeting cards
Ground beef,Ground beef
Gum,Gum
Hair gel,Hair gel
Half and half,Half and half
Ham,Hams
Hand soap,Hand soaps
Honey,Honey
Hot dog,Hot dogs
Hot sauce,Hot sauces
Hummus,Hummus
Ice cream,Ice creams
Insect repellent,Insect repellents
Instant potato,Instant potatoes
Jam,Jams
Jelly,Jellies
Juice concentrate,Juice concentrates,concentrate,concentrates
Juice,Juices
Ketchup,Ketchups
Kiwi,Kiwis,kiwi fruit,kiwi fruits
Lemon,Lemons
Lettuce,Lettuce
Light bulb,Light bulbs
Lime juice,Lime juices
Lime,Limes
Lip balm,Lip balm
Lobster,Lobsters
Lotion,Lotions
lunchmeat,lunchmeats
Lunchmeat,Lunchmeats
Mac and cheese,Mac and cheeses
Magazine,Magazines
Margarine,Margarine
Mayonnaise,Mayonnaise
Melon,Melons
Milk,Milks
Mint,Mints
Mixer,Mixers
Moisturizing lotion,Moisturizing lotions
Mop head,Mop heads
Mouthwash,Mouthwash
Mozzarella,Mozzarellas
Mushroom,Mushrooms
Mussel,Mussels
Mustard,Mustards
Napkin,Napkins
Nectarine,Nectarines
Newspaper,Newspapers
Non-stick spray,Non-stick sprays
Notepad,Notepads
Nut,Nuts
Oatmeal,Oatmeals
Olive oil,Olive oils
Olive,Olives
Onion,Onions
Orange,Oranges
Oregano,Oreganos
Oyster,Oysters
Packaged meal,Packaged meals
pad,pads
Pain reliever,Pain relievers
Pancake,Pancakes
Paper towel,Paper towels
Paprika,Paprikas
Parmesan,Parmesans
Parsley,Parsleys
Pasta,Pastas
Pasta sauce,Pasta sauces
Pastrie,Pastries
Peach,Peaches
Peanut butter,Peanut butters
Pear,Pears
Pencil,Pencils
Pen,Pens
Pepper,Peppers
Pet shampoo,Pet shampoos
Pickle,Pickles
Pie,Pies
Pita bread,Pita breads
Pizza,Pizzas
Pizza Roll,Pizza Rolls
Plastic wrap,Plastic wraps
Plum,Plums
Popcorn,Popcorns
Popsicle,Popsicles
Pork,Pork
Postage stamp,Postage stamps
Potato,Potatoes
Preserve,Preserves
Pretzel,Pretzels
Printer paper,Printer papers
Propane,Propanes
Provolone,Provolones
Razor,Razors
Ready-bake bread,Ready-bake breads
Red pepper,Red peppers
Red wine,Red wines
Relish,Relish
Rice,Rice
Ricotta,Ricottas
Roll,Rolls
Rum,Rums
Saké,Sakés
Salad dressing,Salad dressing
Salmon,Salmons
Salsa,Salsas
Salt,Salts
Sandwich,Sandwiches
Sausage,Sausages
Scrubber,Scrubbers
Seed,Seeds
Shampoo,Shampoos
Shaving cream,Shaving cream
Shortening,Shortenings
Shrimp,Shrimps
Sliced bread,Sliced bread
Soda pop,Soda pops
Soda,Soda
Sorbet,Sorbets
Soup,Soups
Sour cream,Sour creams
Soy sauce,Soy sauce
Spinach,Spinach
Sponge,Sponges
Sports drink,Sports drinks
Spray,Sprays
Squash,Squash
Steak sauce,Steak sauces
Sugar substitute,Sugar substitutes
Sugar,Sugars
Sunblock,Sunblocks
Supplement,Supplements
Swiss,Swiss
Syrup,Syrups
tampon,tampons
Tape,Tapes
Tater tots,Tater tots
Tea,Teas
Tilapia,Tilapias
Tinned meat,Tinned meats
Tofu,Tofu
Toilet paper,Toilet papers
Tomato,Tomatoes
Tonic,Tonics
Toothpaste,Toothpastes
Tortilla,Tortillas
Treat,Treats
Tuna,Tunas
Turkey,Turkeys
TV dinner,TV dinners
Vacuum bag,Vacuum bags
Vanilla extract,Vanilla extracts
Vegetable oil,Vegetable oils
Vegetable,Vegetables
Veggy,Veggies
Vinegar,Vinegars
Vitamin,Vitamins
Vodka,Vodkas
Waffle mix,Waffle mixes
Wax paper,Wax papers
Whipped cream,Whipped creams
Whiskey,Whiskies
White wine,White wines
Wipe,Wipes,baby wipe,baby wipes
Worcestershire sauce,Worcestershire sauces
Yeast,Yeasts
Yogurt,Yogurts
Zucchini,Zucchinis
